name,acc,recall,precision,F_measure,G_measure
camel_result.csv,0.7967523197715917,0.47224501465872903,0.08812056737588651,0.14833861627038833,0.16141037594312993
jedit_result.csv,0.8208020050125314,0.7442042144553674,0.44328358208955226,0.5530023389797049,0.5836838271925971
lucene_result.csv,0.5035612535612536,0.8339108200570117,0.237995337995338,0.36048592968520665,0.3418870599343545
poi_result.csv,0.625799086757991,0.6415799692818799,0.9438908659549229,0.7638494631083855,0.06258260562951866
synapse_result.csv,0.6701822916666667,0.5361412530547983,0.15038759689922485,0.23297620773434727,0.257294585439715
xalan_result.csv,0.5698285714285715,0.5912171543028449,0.23090024330900247,0.3320039992337255,0.3558644130480795
xerces_result.csv,0.83355754857997,0.2613269129677798,0.06318407960199005,0.10102688285096276,0.11772358043850413
