name,acc,recall,precision,F_measure,G_measure
camel_res.csv,0.7573056994818653,0.29698581560283693,0.3755902370239536,0.320263564176536,0.4448066517538651
jedit_res.csv,0.816025641025641,0.5468354430379747,0.6918612337318604,0.5940068893764714,0.6477157742752009
lucene_res.csv,0.5569500674763834,0.3576388888888889,0.7589103516899507,0.48026132734611676,0.44607830208763866
poi_res.csv,0.7102564102564103,0.898220640569395,0.7196608242245447,0.7973077039838216,0.31577368257700716
synapse_res.csv,0.68505859375,0.13880813953488375,0.7677044675557875,0.19851818567240173,0.2136184357252245
xalan_res.csv,0.611412429378531,0.4922141119221411,0.6157359435691547,0.5290108527408028,0.5209763495487371
xerces_res.csv,0.7968359087564386,0.10917874396135267,0.2282088895219808,0.14029596999216049,0.1943243609556143
