name,acc,recall,precision,F_measure,G_measure
camel_result.csv,0.7970021208127339,0.1681351880232493,0.045921985805034635,nan,nan
jedit_result.csv,0.7575188040733337,0.12757246494293212,0.0631840797762076,nan,nan
lucene_result.csv,0.39772080481052396,0.10411163171132405,0.020279720549782117,0.33464284241199493,0.029342278093099593
poi_result.csv,0.6415525078773499,0.6415525078773499,1.0,0.7503389716148376,nan
synapse_result.csv,0.6665364583333333,0.08148518204689026,0.009689922630786895,nan,0.015407249331474304
xalan_result.csv,0.5465523838996887,0.22359208663304647,0.054987834642330806,nan,0.09054018457730612
xerces_result.csv,0.8496263146400451,0.03333333432674408,0.004477611929178238,nan,nan
