name,acc,recall,precision,F_measure,G_measure
camel_result.csv,0.7794432548179873,0.4366197183098593,0.3297872340425533,0.3757575757575757,0.48480721363828466
jedit_result.csv,0.8120300751879699,0.6307692307692309,0.6119402985074627,0.6212121212121212,0.6972450318254703
lucene_result.csv,0.5897435897435898,0.7117117117117115,0.5524475524475523,0.6220472440944883,0.48203112880707394
poi_result.csv,0.6506849315068491,0.7442748091603054,0.6939501779359429,0.7182320441988952,0.4340567612687813
synapse_result.csv,0.67578125,0.5306122448979592,0.3023255813953488,0.385185185185185,0.4459743290548423
xalan_result.csv,0.5874285714285714,0.5657894736842104,0.5231143552311436,0.5436156763590392,0.5508592581801979
xerces_result.csv,0.742152466367713,0.14705882352941177,0.14925373134328357,0.14814814814814808,0.258693637425958
