name,acc,recall,precision,F_measure,G_measure
camel_res.csv,0.74286701208981,0.33936170212765954,0.34372038040612474,0.33815861872481434,0.49175491567180973
camel_result.csv,0.5480494926373164,0.7436960299809774,0.3414857566356659,0.328191485007604,nan
jedit_res.csv,0.8138888888888888,0.5126582278481012,0.6803353394630668,0.5812520264646693,0.634495647071931
jedit_result.csv,0.4596690038839976,0.8162393172581991,0.6929375429948171,0.49789029856522876,0.5473363995552063
lucene_res.csv,0.558029689608637,0.3842592592592593,0.7350645931185702,0.5002421565211397,0.46111736451519153
poi_res.csv,0.6926847662141781,0.7411625148279952,0.7703292014493942,0.7535395427693423,0.4422644234318226
synapse_res.csv,0.6852678571428571,0.14950166114285718,0.6860107135714285,0.21812525328571425,0.23498847585714283
xalan_res.csv,0.5806171229900042,0.44385176866928694,0.5630007284605631,0.4937653982788982,0.5206837726452739
xerces_res.csv,0.6574687270051509,0.1927536231884058,0.12218352181040146,0.14695965715992756,0.31915895581728865
