name,acc,recall,precision,F_measure,G_measure
poi_result.csv,0.6602657004830917,0.7971830985915496,0.6321885707193277,0.6148961342574764,0.6070013552155407
synapse_result.csv,0.68503937007874,0.6822916666666666,0.5448409617686727,0.5566615208330002,0.5601032709340992
xerces_result.csv,0.6780519691724138,0.4973451220344827,0.4533993917241379,0.4421148003103449,0.4231379530344828
lucene_result.csv,0.6494692144373673,0.7662021154945683,0.616726115415306,0.6082232143152558,0.5990974057668443
jedit_result.csv,0.6289523809523809,0.7923497267759563,0.5397643240374037,0.4526028507041083,0.5113519040373578
camel_result.csv,0.6164572112507481,0.5813662339034218,0.5069713495385676,0.3888590886580092,0.4653287108285046
xalan_result.csv,0.6538992408557626,0.6177655677655679,0.5712095890086375,0.5770323670656838,0.5903993144478464
