name,acc,recall,precision,F_measure,G_measure
poi_result.csv,0.6455314009661836,0.7892018779342725,0.6079967359557021,0.589729094443493,0.6172489086966686
synapse_result.csv,0.7328667250370371,0.5243055555555556,0.5214498538148148,0.557134120037037,0.5337437428888888
xerces_result.csv,0.7569864355862069,0.45526592010344824,0.4842822686206897,0.45931639844827593,0.44634687817241386
lucene_result.csv,0.6205944798301487,0.7912878787878788,0.5971049433594072,0.5477135347980959,0.5768465475397865
jedit_result.csv,0.8265714285714287,0.42499273545131067,0.4193076334188415,0.40484812820475,0.3899438968796246
camel_result.csv,0.7827049670855775,0.37111515958393576,0.3736491266649447,0.363886175990844,0.3677950765488662
xalan_result.csv,0.6647390591034482,0.5856384993448277,0.5787804219655173,0.5762319432413794,0.5877993769999998
