name,acc,recall,precision,F_measure,G_measure
poi_result.csv,0.6568840742111206,0.8075117429097494,0.6324677050113678,0.701212861140569,0.5957681288321813
synapse_result.csv,0.6585301826397578,0.6427083333333333,0.40668448209762575,0.4785678855010441,0.6128414670626322
xerces_result.csv,0.6290679335594177,0.6945736418167751,0.31790852745374043,0.43352775729220844,0.617553376945956
lucene_result.csv,0.6377919375896454,0.7109848529100418,0.6713793953259786,0.6811062773068746,0.5899917801221212
jedit_result.csv,0.680095233519872,0.7666666626930236,0.3264807472626368,0.44880979632337886,0.6792740904051682
camel_result.csv,0.6162776758333333,0.6017857174000001,0.29765994850000005,0.3736880395833333,0.5634059997307692
xalan_result.csv,0.6841959993044535,0.5904762009779613,0.5850142478942871,0.5965853376047952,0.6335079575839796
