name,acc,recall,precision,F_measure,G_measure
camel_result.csv,0.7970021413276229,0.045921985815602834,0.16813518894067073,0.07192962708083254,0.0811188224557824
jedit_result.csv,0.7575187969924811,0.06318407960199005,0.12757246376811596,0.07725940245500248,0.0828490533100134
lucene_result.csv,0.3977207977207978,0.020279720279720283,0.1041116306253653,0.03172828922446055,0.030972662630509937
poi_result.csv,0.6415525114155253,1.0,0.6415525114155253,0.7816411682892908,0.0
synapse_result.csv,0.6665364583333333,0.009689922480620155,0.0814851814851815,0.017220649013133218,0.017523076663140014
xalan_result.csv,0.5465523809523809,0.05498783454987834,0.22359208541040423,0.08663228991477046,0.08910334765885196
xerces_result.csv,0.8496263079222718,0.004477611940298508,0.03333333333333333,0.007655826558265582,0.008328327338974128
