name,acc,recall,precision,F_measure,G_measure
poi_result.csv,0.5638888736565908,0.9830985943476359,0.542560338973999,0.6939640641212463,0.19822528436779976
synapse_result.csv,0.5212598433097203,0.7416666666666667,0.3244015713532766,0.4349841336409251,0.502196220556895
xerces_result.csv,0.4186413899064064,0.6604651195307573,0.2665615146358808,0.32198552722516266,0.2546300884025792
lucene_result.csv,0.6074309964974721,0.9359848479429881,0.597337273756663,0.7237038751443227,0.2886934163669745
jedit_result.csv,0.31771428634723026,0.9420765002568563,0.19717974960803986,0.3198046167691549,0.2971700538881123
camel_result.csv,0.29251945366462073,0.9544642845789592,0.21603302657604218,0.3458405178168724,0.20819739873210588
xalan_result.csv,0.4356797754764557,0.9395604292551677,0.3964656958977381,0.5541197836399079,0.2001431661657989
