name,acc,recall,precision,F_measure,G_measure
camel_result.csv,0.6408138839018551,0.31528900085761896,0.6011904761904762,0.4026062698431005,0.6672212670289327
jedit_result.csv,0.7080952380952381,0.3318147561034065,0.6333333333333333,0.43033163703986743,0.7136848128139126
lucene_result.csv,0.6441613588110403,0.6586925884517519,0.7943181818181818,0.7106881659875364,0.4164535808484715
poi_result.csv,0.638768115942029,0.628308603901856,0.7448356807511739,0.673726931209554,0.4997771707656693
synapse_result.csv,0.700524934383202,0.4398221953593107,0.66875,0.5276839994708191,0.7015728508146437
xalan_result.csv,0.6827467218771568,0.5737339281639156,0.6441391941391943,0.6046176424868521,0.6410410539903292
xerces_result.csv,0.688783570300158,0.34396495990492043,0.5682170542635657,0.4262847485471413,0.6712229172565561
