name,acc,recall,precision,F_measure,G_measure
poi_result.csv,0.6580917955000001,0.7816901466666664,0.6375781972999999,0.6944034179333333,0.6108988871666666
synapse_result.csv,0.6490813631333332,0.6489583333333333,0.38679559123333335,0.46986797443333334,0.6254393001333333
xerces_result.csv,0.6083728274333332,0.6728682160999999,0.3090399677000001,0.413331939,0.5650442152333334
lucene_result.csv,0.6337579648333335,0.7268939406,0.6589007694666666,0.6822811821666667,0.5695712249000001
jedit_result.csv,0.6719047586333334,0.6710382461666667,0.3058475335333333,0.404815532,0.6436243553333335
camel_result.csv,0.6934171139666666,0.42678571340000004,0.31768841043333335,0.36247956490909095,0.4973718821428571
xalan_result.csv,0.6693581839666668,0.5523809591,0.5673436830666667,0.5517399672857143,0.5938512417777778
