name,acc,recall,precision,F_measure,G_measure
camel_res.csv,0.7682556131260795,0.2932624113475176,0.3862953859001433,0.328466610311747,0.4426454566536125
jedit_res.csv,0.8130341880341878,0.47932489451476795,0.6965947130800851,0.5626667140847599,0.6096613217537964
lucene_res.csv,0.5558704453441297,0.3388888888888889,0.7739708086960813,0.4699721369745365,0.44251428188181696
poi_res.csv,0.6935897435897435,0.8073546856465008,0.737625699833602,0.7697962988393993,0.3904103828492684
synapse_res.csv,0.6877604166666667,0.339922480620155,0.5808187310954867,0.41534872482851065,0.47142241799956325
xalan_res.csv,0.5474199623352166,0.45433901054339004,0.5193408085452275,0.4798618797712377,0.5118450867310901
xerces_res.csv,0.782487122884474,0.13961352657004833,0.20943728028744746,0.16105706004679848,0.24146839267987058
