name,acc,recall,precision,F_measure,G_measure
camel_result.csv,0.7526766595289079,0.33587786259541985,0.23404255319148937,0.27586206896551724,0.3745672505554694
jedit_result.csv,0.8120300751879699,0.6307692307692307,0.6119402985074627,0.6212121212121212,0.69724503182547
lucene_result.csv,0.5854700854700855,0.75,0.4825174825174825,0.5872340425531914,0.4893361839703811
poi_result.csv,0.5844748858447488,0.7345971563981043,0.5516014234875445,0.6300813008130082,0.46002850384214156
synapse_result.csv,0.6640625,0.5,0.29069767441860467,0.3676470588235294,0.43361244019138756
xalan_result.csv,0.6262857142857143,0.5958904109589042,0.635036496350365,0.6148409893992932,0.5740329904017473
xerces_result.csv,0.7668161434977578,0.20634920634920634,0.19402985074626866,0.2,0.3229264977915361
