name,acc,recall,precision,F_measure,G_measure
camel_result.csv,0.7967523137728373,0.08812056680520376,0.4722450176874797,nan,nan
jedit_result.csv,0.8208019971847534,0.4432835857073466,0.7442042132218679,nan,nan
lucene_result.csv,0.5035612612962723,0.2379953386882941,0.8339108228683472,0.3844767768274654,0.338644743959109
poi_result.csv,0.6257990797360738,0.9438908676306407,0.6415799756844839,0.7314972122510274,nan
synapse_result.csv,0.6701822916666667,0.15038759832580884,0.536141253511111,nan,0.22024794444441795
xalan_result.csv,0.569828579823176,0.23090024342139562,0.5912171582380931,nan,0.34681924680868786
xerces_result.csv,0.833557536204656,0.06318407878279686,0.2613269194960594,nan,nan
