name,acc,recall,precision,F_measure,G_measure
lucene_result.csv,0.5232193732193732,0.7674041270480227,0.3331002331002332,0.44512074189098877,0.3918955254959243
jedit_result.csv,0.8309523809523809,0.7393154486586495,0.5079601990049751,0.6021787507115874,0.6347834090134783
camel_result.csv,0.7929336188436831,0.4271706767255064,0.08865248226950356,0.14629319164397228,0.16198773307745687
xalan_result.csv,0.5550285714285714,0.4250926928970162,0.14878345498783455,0.2200714679951284,0.23600650877101045
