name,acc,recall,precision,F_measure,G_measure
camel_result.csv,0.635607421,0.307986715,0.617261905,0.406332766,0.690764984
jedit_result.csv,0.738952381,0.36784663,0.662295082,0.469212967,0.73627434
lucene_result.csv,0.63418259,0.636669691,0.835984848,0.716596605,0.375080628
poi_result.csv,0.653019324,0.62939536,0.803286385,0.702113865,0.493468774
synapse_result.csv,0.700524934,0.438478574,0.620833333,0.510829994,0.684493535
xalan_result.csv,0.698136646,0.593799091,0.63992674,0.61465549,0.645379995
xerces_result.csv,0.708846761,0.363960264,0.571317829,0.442111047,0.670660796
