name,acc,recall,precision,F_measure,G_measure
camel_result.csv,0.6621184919210054,0.32422801954313346,0.5669642857142857,0.4018434353056147,0.6566563713510422
jedit_result.csv,0.6924761904761906,0.32304598432351933,0.6650273224043716,0.4268226329056489,0.721892375272978
lucene_result.csv,0.6437367303609342,0.6396620915291907,0.84469696969697,0.7253029970032799,0.39276797466136076
poi_result.csv,0.6596618357487923,0.6396681552037332,0.7798122065727698,0.6955032252986382,0.5023625251345601
synapse_result.csv,0.7039370078740155,0.4463025422175065,0.64375,0.5216032474505895,0.6924520767699835
xalan_result.csv,0.6750862663906145,0.560437170129958,0.6551282051282052,0.6017967703356011,0.6400795293567528
xerces_result.csv,0.6949447077409164,0.35400703183424037,0.5775193798449613,0.4338519477501732,0.6722640019264531
