name,acc,recall,precision,F_measure,G_measure
poi_result.csv,0.592632850241546,0.5414221305764183,0.5302508543415597,0.5215906460192155,0.5274167719341992
synapse_result.csv,0.7002624671916008,0.6427083333333333,0.5571456704961074,0.5434935013146769,0.5577600894757391
xerces_result.csv,0.7,0.32903115615612377,0.354520763979701,0.33439575487666545,0.37299075685413713
lucene_result.csv,0.6464968152866242,0.6884276437847867,0.625647547236454,0.6253897556492178,0.6107055916111023
jedit_result.csv,0.7184761904761904,0.6097648637671679,0.4973948572815996,0.4518030018433855,0.5346924498885046
camel_result.csv,0.6900059844404549,0.3965604491836229,0.426153470338836,0.40899884069293624,0.39964259021721615
xalan_result.csv,0.651552795031056,0.5435533797844919,0.5417932310984771,0.5234531887686171,0.5373743806531291
