name,acc,recall,precision,F_measure,G_measure
poi_result.csv,0.6570048471291859,0.8089201887448628,0.6317196607589721,0.6974795947472254,0.5880603273709615
synapse_result.csv,0.6624671906232834,0.6572916666666667,0.400744025905927,0.4871446212132772,0.6354305098454157
xerces_result.csv,0.6533965210119883,0.6899224797884623,0.3349478950103124,0.44336943604328016,0.6396779890718132
lucene_result.csv,0.6337579647699992,0.7598484843969345,0.6497345626354217,0.6914878010749816,0.5476693868637085
jedit_result.csv,0.6779047628243764,0.7540983557701111,0.32224381864070895,0.4413882462041719,0.683963253100713
camel_result.csv,0.641950923204422,0.5520833353201549,0.27786727994680405,0.38097103802781357,0.5387312531471252
xalan_result.csv,0.6487232605616252,0.6816849887371064,0.5349367141723633,0.5945519916713238,0.6286479939113964
