name,acc,recall,precision,F_measure,G_measure
camel_result.csv,0.7371633752244168,0.37222745122518125,0.40982142857142867,0.3847213008964498,0.5550164077747094
jedit_result.csv,0.7408571428571428,0.3489890546905775,0.5240437158469945,0.41038031011120474,0.6446868322285175
lucene_result.csv,0.6409766454352442,0.6575299305145215,0.7715909090909092,0.7056656462210136,0.4408718326751094
poi_result.csv,0.6409420289855073,0.6260344396878194,0.7657276995305166,0.6812898177666705,0.49171387599189337
synapse_result.csv,0.6750656167979,0.39178269649088887,0.515625,0.43496901942196237,0.6051846005732745
xalan_result.csv,0.6938578329882678,0.6190370092256138,0.5049450549450549,0.5512510125920336,0.5886480797983518
xerces_result.csv,0.7336492890995262,0.3861756510225555,0.47751937984496134,0.41808128353610835,0.6041121988574147
