name,acc,recall,precision,F_measure,G_measure
camel_res.csv,0.772538860103627,0.2468085106382979,0.40272366840299134,0.2855609062287668,0.38034315978311845
jedit_res.csv,0.7972222222222223,0.34852320675105486,0.7632143700810335,0.4397103461957878,0.4702836826128815
lucene_res.csv,0.5407557354925776,0.30925925925925923,0.7769505788522083,0.4305679226453283,0.4063150708941596
poi_res.csv,0.7094268476621418,0.8175563463819692,0.7505893559907667,0.7810980542023354,0.39921963606360544
synapse_res.csv,0.689453125,0.25402504472271914,0.6512889607855118,0.3175298612586144,0.35143846802325207
xalan_res.csv,0.6109604519774012,0.4141930251419303,0.6713597748463797,0.4797915567173465,0.4730314469102107
xerces_res.csv,0.8264164827078735,0.0642512077294686,0.2711128300676356,0.09920177055570005,0.1191540390705453
