name,acc,recall,precision,F_measure,G_measure
camel_res.csv,0.7760621761658029,0.26471631205673757,0.3997081305866032,0.3140424010640984,0.4106161885418242
jedit_res.csv,0.8108974358974359,0.5464135021097046,0.6626531354093145,0.5923687069552855,0.6547520117034036
lucene_res.csv,0.547638326585695,0.34027777777777785,0.7478691226898128,0.46602510989159734,0.4413428078608893
poi_res.csv,0.6896681749622925,0.8218268090154212,0.7265282025593646,0.7707955209935703,0.37332825210103215
synapse_res.csv,0.6885416666666667,0.3531007751937985,0.5763519136515051,0.4269335424267693,0.48699998497595653
xalan_res.csv,0.5691902071563089,0.45271695052716965,0.5493189483630992,0.4921287522142608,0.5199969361305112
xerces_res.csv,0.7853568800588668,0.1536231884057971,0.2262705736290405,0.17731416488025017,0.26342819221311414
