name,acc,recall,precision,F_measure,G_measure
camel_result.csv,0.797180585296217,0.4797267347464667,0.09485815602836878,0.1581947386329474,0.17265647668308884
jedit_result.csv,0.820050125313283,0.7442059900910797,0.41890547263681593,0.5259374844213235,0.5504062811652185
lucene_result.csv,0.5007122507122507,0.8337677459402612,0.22983682983682982,0.35142288664855037,0.33440210103709495
poi_result.csv,0.6188736681887367,0.6471431849907698,0.9154211150652433,0.7467100608885862,0.07217968951654137
synapse_result.csv,0.671875,0.5549964934944407,0.14496124031007754,0.22757741289858538,0.24960389330307112
xalan_result.csv,0.5715428571428571,0.6153417492916973,0.23560421735604214,0.34048597172918066,0.36448394536439976
xerces_result.csv,0.834678624813154,0.27694626179920295,0.06567164179104477,0.10546555704503366,0.12212911996189094
