name,acc,recall,precision,F_measure,G_measure
camel_result.csv,0.7967523197715918,0.4763086312195276,0.09609929078014183,0.15982342589595167,0.174849811721412
jedit_result.csv,0.8224310776942355,0.7632826036702561,0.43134328358208956,0.5486274329328614,0.5741930318642633
lucene_result.csv,0.49088319088319093,0.8472901683983243,0.2044289044289044,0.32441262820787237,0.31332667292373384
poi_result.csv,0.6218417047184172,0.6401740957347397,0.9373665480427047,0.7607358817069916,0.06358598880329362
synapse_result.csv,0.6721354166666667,0.5806476159277391,0.12868217054263564,0.20646644909296538,0.2246027810507734
xalan_result.csv,0.5708571428571428,0.6112534919701441,0.23714517437145174,0.3415635438139893,0.36609905274415855
xerces_result.csv,0.8352017937219731,0.27485926998697896,0.06119402985074627,0.09962684900927217,0.11455000708906934
