name,acc,recall,precision,F_measure,G_measure
camel_res.csv,0.7627633851468049,0.32074468085106383,0.3772139595516014,0.34389804495852344,0.4734525894628589
jedit_res.csv,0.8028846153846153,0.5485232067510548,0.6269901663341444,0.5847630189195036,0.6589826627353865
lucene_res.csv,0.5784075573549258,0.3902777777777777,0.7764425065332567,0.5176247482642709,0.4720418464303896
poi_res.csv,0.6924585218702866,0.7559905100830366,0.7595217722907037,0.7574741272897481,0.43498180470842746
synapse_res.csv,0.6893229166666667,0.29573643410852707,0.5968650017973605,0.38903484826789464,0.4374439486035983
xalan_res.csv,0.572542372881356,0.48978102189781014,0.5472483609091552,0.514757742839434,0.5362542592537302
xerces_res.csv,0.7465047829286241,0.18067632850241544,0.17674711186602193,0.17804700875132928,0.3034859141005134
