name,acc,recall,precision,F_measure,G_measure
camel_res.csv,0.7571675302245251,0.3056737588652482,0.35829095023382346,0.3285844018829011,0.45802172201283053
jedit_res.csv,0.7745726495726496,0.5497890295358647,0.5566634447119359,0.5523379207524385,0.6571545263428101
lucene_res.csv,0.5558704453441295,0.38032407407407404,0.7291713258706932,0.49861610410566753,0.46360063088900133
poi_res.csv,0.6824283559577676,0.7715302491103201,0.7404990424215148,0.7553194426571979,0.4111928906758198
synapse_res.csv,0.7024739583333334,0.334108527131783,0.6228142309358603,0.4244841803302869,0.4697681180273066
xalan_res.csv,0.5940866290018832,0.4948905109489051,0.574719939620178,0.5289113403604838,0.5413096243377945
xerces_res.csv,0.7263428991905815,0.1893719806763285,0.1637128050832171,0.17376002523263004,0.3147152975870074
